PDF-Datei,Seite,Suchbegriff,Ã„hnlichkeit,Suchwort im Text
PDF/Cano2.pdf,2,est,100,"est,"
PDF/Cano2.pdf,3,est,100,"est,"
PDF/Cano2.pdf,4,est,100,"est,"
PDF/Cano2.pdf,5,est,100,est
PDF/Cano2.pdf,6,deus,100,Deus.
PDF/Cano2.pdf,6,est,100,modesto
PDF/Cano2.pdf,7,deus,100,DEUS
PDF/Cano2.pdf,7,est,100,testimon
PDF/Cano2.pdf,8,deus,100,Deus
PDF/Cano2.pdf,8,est,100,"est,"
PDF/Cano2.pdf,9,deus,100,Deus
PDF/Cano2.pdf,9,est,100,est
PDF/Cano2.pdf,10,deus,100,Deus
PDF/Cano2.pdf,10,sacrament,100,sacr
PDF/Cano2.pdf,10,est,100,est
PDF/Cano2.pdf,11,deus,100,Deus
PDF/Cano2.pdf,11,est,100,"testimonium,"
PDF/Cano2.pdf,12,deus,100,Deus.
PDF/Cano2.pdf,12,est,100,est
PDF/Cano2.pdf,13,est,100,est:
PDF/Cano2.pdf,14,deus,100,Deus
PDF/Cano2.pdf,14,est,100,est:
PDF/Cano2.pdf,15,deus,100,Deus
PDF/Cano2.pdf,15,est,100,est
PDF/Cano2.pdf,16,deus,100,Deus
PDF/Cano2.pdf,16,est,100,praestantior.
PDF/Cano2.pdf,17,deus,100,Deus;
PDF/Cano2.pdf,17,est,100,"est,"
PDF/Cano2.pdf,18,deus,100,Deus
PDF/Cano2.pdf,18,sacrament,100,men
PDF/Cano2.pdf,18,est,100,"est,"
PDF/Cano2.pdf,19,deus,100,Deus
PDF/Cano2.pdf,19,sacrament,100,Sacramentis
PDF/Cano2.pdf,19,est,100,"est,"
PDF/Cano2.pdf,20,deus,100,"Deus,"
PDF/Cano2.pdf,20,est,100,estis
PDF/Cano2.pdf,21,deus,100,Deus
PDF/Cano2.pdf,21,est,100,testimonio
PDF/Cano2.pdf,22,sacrament,100,SACRAM
PDF/Cano2.pdf,22,est,100,estate
PDF/Cano2.pdf,23,deus,100,Deus
PDF/Cano2.pdf,23,est,100,"est,"
PDF/Cano2.pdf,24,deus,100,Deus
PDF/Cano2.pdf,24,sacrament,100,Sacra
PDF/Cano2.pdf,24,est,100,est
PDF/Cano2.pdf,25,est,100,est
PDF/Cano2.pdf,26,est,100,est
PDF/Cano2.pdf,27,sacrament,100,Sacramento
PDF/Cano2.pdf,27,est,100,Est
PDF/Cano2.pdf,28,deus,100,Deus
PDF/Cano2.pdf,28,sacrament,100,sacra
PDF/Cano2.pdf,28,est,100,est
PDF/Cano2.pdf,29,est,100,investigare
PDF/Cano2.pdf,30,est,100,est
PDF/Cano2.pdf,31,deus,100,Deus
PDF/Cano2.pdf,31,sacrament,100,Sacramento
PDF/Cano2.pdf,31,est,100,testimonium
PDF/Cano2.pdf,32,deus,100,"Deus,"
PDF/Cano2.pdf,32,est,100,est;
PDF/Cano2.pdf,33,sacrament,100,ent
PDF/Cano2.pdf,33,est,100,testimonia
PDF/Cano2.pdf,34,deus,100,Deus
PDF/Cano2.pdf,34,est,100,est
PDF/Cano2.pdf,35,deus,100,Deus
PDF/Cano2.pdf,35,est,100,"est,"
PDF/Cano2.pdf,36,deus,100,Deus
PDF/Cano2.pdf,36,est,100,potest
PDF/Cano2.pdf,37,deus,100,"Deus,"
PDF/Cano2.pdf,37,est,100,Testamentum
PDF/Cano2.pdf,38,est,100,est.
PDF/Cano2.pdf,39,est,100,Est
PDF/Cano2.pdf,40,est,100,est.
PDF/Cano2.pdf,41,sacrament,100,sacra
PDF/Cano2.pdf,41,est,100,testimonia
PDF/Cano2.pdf,42,sacrament,100,Sacram
PDF/Cano2.pdf,42,est,100,est.
PDF/Cano2.pdf,43,est,100,"est,"
PDF/Cano2.pdf,44,est,100,est;
PDF/Cano2.pdf,45,sacrament,100,sacra
PDF/Cano2.pdf,45,est,100,"est,"
PDF/Cano2.pdf,46,est,100,est
PDF/Cano2.pdf,47,est,100,est
PDF/Cano2.pdf,48,deus,100,Deus
PDF/Cano2.pdf,48,est,100,est
PDF/Cano2.pdf,49,est,100,est
PDF/Cano2.pdf,50,est,100,testimonium
PDF/Cano2.pdf,51,est,100,"est,"
PDF/Cano2.pdf,52,est,100,modestia
PDF/Cano2.pdf,53,deus,100,Deus
PDF/Cano2.pdf,53,est,100,est
PDF/Cano2.pdf,54,est,100,"est,"
PDF/Cano2.pdf,55,est,100,interest
PDF/Cano2.pdf,56,est,100,vestigiis
PDF/Cano2.pdf,57,est,100,testatur
PDF/Cano2.pdf,58,deus,100,"Deus,"
PDF/Cano2.pdf,58,sacrament,100,Sacr
PDF/Cano2.pdf,58,est,100,est
PDF/Cano2.pdf,59,deus,100,Deus
PDF/Cano2.pdf,59,sacrament,100,Sacramenta
PDF/Cano2.pdf,59,est,100,est.
PDF/Cano2.pdf,60,est,100,est
PDF/Cano2.pdf,61,est,100,"est,"
PDF/Cano2.pdf,62,est,100,"est,"
PDF/Cano2.pdf,63,est,100,"testimonio,"
PDF/Cano2.pdf,64,sacrament,100,sacr
PDF/Cano2.pdf,64,est,100,"est,"
PDF/Cano2.pdf,65,sacrament,100,Sacr
PDF/Cano2.pdf,65,est,100,"est,"
PDF/Cano2.pdf,66,sacrament,100,Sacra
PDF/Cano2.pdf,66,est,100,EST
PDF/Cano2.pdf,67,sacrament,100,sacramenta
PDF/Cano2.pdf,67,est,100,"est,"
PDF/Cano2.pdf,68,sacrament,100,Sacram
PDF/Cano2.pdf,68,est,100,"est,"
PDF/Cano2.pdf,69,est,100,"testatur,"
PDF/Cano2.pdf,70,est,100,est
PDF/Cano2.pdf,71,sacrament,100,"sacramenta,"
PDF/Cano2.pdf,71,est,100,quaestionibus
PDF/Cano2.pdf,72,sacrament,100,sacra
PDF/Cano2.pdf,72,est,100,est.
PDF/Cano2.pdf,73,est,100,est
PDF/Cano2.pdf,74,est,100,manifeste
PDF/Cano2.pdf,75,est,100,est.
PDF/Cano2.pdf,76,est,100,est
PDF/Cano2.pdf,77,est,100,"potest,"
PDF/Cano2.pdf,78,est,100,est
PDF/Cano2.pdf,79,est,100,"est,"
PDF/Cano2.pdf,80,sacrament,100,Sacram
PDF/Cano2.pdf,80,est,100,"est,"
PDF/Cano2.pdf,81,est,100,est
PDF/Cano2.pdf,82,deus,100,Deus
PDF/Cano2.pdf,82,est,100,quaestionibus
PDF/Cano2.pdf,83,est,100,festi
PDF/Cano2.pdf,84,est,100,est.
PDF/Cano2.pdf,85,deus,100,Deus
PDF/Cano2.pdf,85,est,100,est
PDF/Cano2.pdf,86,est,100,est
PDF/Cano2.pdf,87,sacrament,100,Sacra
PDF/Cano2.pdf,87,est,100,modestiaeque
PDF/Cano2.pdf,88,deus,100,Deus
PDF/Cano2.pdf,88,est,100,testatus
PDF/Cano2.pdf,89,deus,100,"Deus,"
PDF/Cano2.pdf,89,est,100,"est,"
PDF/Cano2.pdf,90,est,100,est
PDF/Cano2.pdf,91,est,100,est;
PDF/Cano2.pdf,92,est,100,est
PDF/Cano2.pdf,93,est,100,"est,"
PDF/Cano2.pdf,94,est,100,"est,"
PDF/Cano2.pdf,95,sacrament,100,Sacramento.
PDF/Cano2.pdf,95,est,100,est.
PDF/Cano2.pdf,96,est,100,est;
PDF/Cano2.pdf,97,est,100,est
PDF/Cano2.pdf,98,est,100,"est,"
PDF/Cano2.pdf,99,est,100,est
